{
    "mse": 0.0005600206660378956,
    "rmse": 0.023664755778116442,
    "mae": 0.019045864539357926,
    "mape": 2.3102381029243353,
    "r2_score": 0.8930927105952756,
    "explained_variance": 0.9215572390001363,
    "max_error": 0.07847649083896147,
    "accuracy_within_5pct": 92.12916246215943,
    "accuracy_within_10pct": 99.94954591321897,
    "accuracy_within_20pct": 100.0
}