{
    "loss": [
        0.025035180151462555,
        0.009731333702802658,
        0.00788538996130228,
        0.006920463405549526,
        0.006525819655507803,
        0.006142881233245134,
        0.005662860348820686,
        0.005435611121356487,
        0.005251573398709297,
        0.005101650021970272,
        0.004992602858692408,
        0.004932716488838196,
        0.004872746299952269,
        0.0048660095781087875,
        0.004819651134312153,
        0.004777955356985331,
        0.004772658459842205,
        0.004763971548527479,
        0.004741669166833162,
        0.0047482955269515514
    ],
    "val_loss": [
        0.011545884422957897,
        0.008689487352967262,
        0.007545906584709883,
        0.008297654800117016,
        0.006460992619395256,
        0.006342562381178141,
        0.0056162127293646336,
        0.005482222884893417,
        0.005741899833083153,
        0.005069746635854244,
        0.00509272376075387,
        0.004812171682715416,
        0.004974031355232,
        0.0048180934973061085,
        0.0048352801240980625,
        0.004747314844280481,
        0.004846710711717606,
        0.004712886177003384,
        0.004743069410324097,
        0.0047398582100868225
    ],
    "mae": [
        0.11236559599637985,
        0.07062985748052597,
        0.06105801835656166,
        0.05527893081307411,
        0.05303400382399559,
        0.05105211213231087,
        0.04905721917748451,
        0.04798825457692146,
        0.04690445959568024,
        0.04620117321610451,
        0.0452793724834919,
        0.04484201967716217,
        0.0441964752972126,
        0.04438438639044762,
        0.04403001442551613,
        0.04357502982020378,
        0.04359203204512596,
        0.04346103593707085,
        0.043335188180208206,
        0.043136563152074814
    ],
    "val_mae": [
        0.08421953022480011,
        0.0657450407743454,
        0.057957399636507034,
        0.06897002458572388,
        0.0512772761285305,
        0.052113112062215805,
        0.04699467867612839,
        0.047776442021131516,
        0.05158881098031998,
        0.04260161891579628,
        0.04293981194496155,
        0.04123026132583618,
        0.04479202628135681,
        0.0412527434527874,
        0.04308253154158592,
        0.041164036840200424,
        0.04106396064162254,
        0.04032103717327118,
        0.04197002947330475,
        0.04050809144973755
    ]
}